Actual,Predicted
21.222172999999998,22.006409
21.250443,21.713976
20.748104666666666,21.690979
20.260988333333334,21.553028
19.932619666666668,21.5021
20.121812000000002,21.347214
21.022107,20.965725
21.100393666666665,20.753757
21.359173999999996,20.776674
21.443984666666665,21.049423
21.968069333333332,21.11391
21.785401,21.313786
21.657097999999998,21.60171
21.502699666666665,21.854965
21.722336666666664,21.892782
21.646224666666665,21.94389
21.789749999999994,21.957726
22.179007999999996,21.999517
23.16846266666667,21.987833
23.646880333333332,22.044765
23.759960999999997,22.299675
23.82628733333333,22.846098
24.904901666666667,23.216167
25.183253666666666,23.435232
24.627636666666668,23.796644
23.599038666666665,24.499712
23.612086333333334,24.753916
23.964375666666665,24.582266
24.307966666666665,24.381805
24.660256333333333,24.318247
24.47758766666666,24.291994
24.28622066666666,24.382805
24.005693666666662,24.622496
24.32753833333333,24.558893
24.629811333333333,24.48441
24.873369666666665,24.490217
24.799432333333336,24.540293
24.486285999999996,24.676851
23.879565333333332,24.857336
23.525101333333332,24.860947
22.827046666666664,24.75122
22.40082,24.498507
22.309486,24.213968
22.618282666666662,23.740038
23.416370333333333,23.305658
23.994820666666662,23.122242
24.373205666666664,23.053093
24.277522,23.33157
24.09485333333333,23.730188
24.073107,23.978561
23.499005999999998,24.158365
23.140192666666664,24.268986
22.503027333333332,24.293846
22.226849666666666,24.01918
21.704939666666665,23.785324
21.644050333333336,23.421707
21.711463666666667,23.009369
21.776702333333333,22.627674
22.022435,22.391422
22.218151333333335,22.256891
22.568266,22.158981
22.737886666666668,22.252157
22.931428333333333,22.37637
22.772680666666666,22.546974
22.707442,22.762356
22.637853999999997,22.943813
23.153240333333333,22.943941
23.398972999999994,22.985134
23.84912066666666,23.018023
24.04918633333333,23.223255
24.525429333333328,23.422071
24.982100666666664,23.675879
25.312643666666666,23.951708
25.560550999999997,24.299086
25.55185266666666,24.693552
25.78453766666666,25.011686
26.16509733333333,25.311945
26.771817666666664,25.493181
26.991454999999995,25.704948
26.932739999999995,26.037268
27.095836999999996,26.422102
27.759097666666666,26.654146
28.120085666666668,26.785662
28.137482666666664,27.04173
27.943940999999995,27.4668
27.902623,27.712645
28.23099166666666,27.84747
28.352771,27.971327
28.963840666666666,27.984924
29.066048000000006,28.15682
29.257415000000005,28.300478
29.190001666666667,28.591217
29.28351066666667,28.807934
29.183477666666672,28.9491
28.937745000000003,29.079597
28.652869,29.196728
28.544137999999997,29.173311
28.54196333333333,29.06619
28.402787333333332,28.940619
28.178800666666667,28.813564
27.93741733333333,28.733662
27.996132,28.60448
28.085291666666667,28.420952
28.222293,28.264036
28.270134999999996,28.227415
28.400612666666664,28.197474
28.576757333333337,28.21567
28.596329,28.280857
28.413660333333333,28.350288
28.004830666666667,28.472061
27.948290333333333,28.538612
28.274484333333334,28.462132
28.768124333333333,28.287106
28.802918333333334,28.245434
28.983412,28.35708
29.074746333333337,28.53804
29.561862333333337,28.601768
29.672768333333334,28.785696
29.757578666666664,28.96306
29.533592333333335,29.20958
29.337876,29.407524
28.979063,29.519346
28.86380766666667,29.514332
28.935570333333335,29.452261
29.361797000000003,29.26179
29.424861333333332,29.128963
29.29655833333333,29.130491
29.066048000000006,29.25367
29.148859666666667,29.273975
29.251223666666668,29.23743
29.083400999999995,29.204859
29.06160566666667,29.221983
28.782628,29.249557
28.46877866666667,29.14709
27.96749133333333,29.137152
27.963132333333334,29.017939
27.950055000000003,28.734032
27.84543833333333,28.462317
27.65364133333333,28.3712
27.671077666666665,28.21196
27.655821000000003,28.0287
27.535948,27.9487
27.307099,27.884094
26.845042666666668,27.791372
26.644527666666665,27.72584
26.801452666666663,27.586563
27.402997666666664,27.27244
27.620948666666667,27.112461
27.834540666666662,27.134829
27.93915733333333,27.290756
27.945695999999995,27.422726
27.518511999999998,27.614418
27.043378666666666,27.801579
26.62055333333333,27.854193
26.385165999999998,27.704802
26.141060666666668,27.489834
25.962340666666663,27.21961
25.737851,26.936846
25.905673333333333,26.68065
25.973238333333327,26.448975
26.132342666666663,26.206299
25.744389666666667,26.193987
25.794518333333333,26.183857
25.981956333333333,26.162867
26.426576666666666,26.036034
26.651066333333333,26.040215
26.764401,26.151608
27.071711999999998,26.315575
27.143636,26.498278
27.067353,26.652788
26.204266333333333,26.905352
25.439257666666666,27.048393
24.922713333333334,27.044237
25.26053766666666,26.697428
25.722594,26.241386
26.00811,25.879148
25.835928666666668,25.793999
25.729132666666665,25.85254
25.598362,25.913662
25.679003999999996,25.892838
25.796697666666663,25.902792
26.047341666666668,25.868742
26.439653666666665,25.865305
26.576963,25.951612
26.352473333333332,26.06981
25.890417,26.295187
25.240922666666666,26.458796
24.994637666666666,26.39152
24.846430666666663,26.23947
24.859507666666666,25.92176
25.153741666666665,25.63826
25.297406333333335,25.462595
25.716039000000002,25.285936
25.744445,25.33278
25.539048666666666,25.417583
25.119515999999997,25.576166
24.708723666666668,25.714762
24.538288666666666,25.655506
24.297931666666667,25.490004
24.19960366666666,25.29945
24.12094133333333,25.097513
24.300116666666664,24.849943
24.588545333333336,24.692812
24.944710999999998,24.573334
24.992782333333334,24.552607
24.627876333333333,24.69331
24.005132666666665,24.882223
23.694853333333334,24.949354
23.677372666666667,24.854563
24.186493,24.588402
24.63224633333333,24.368397
24.999337666666666,24.261229
25.051779000000003,24.372452
24.95782133333333,24.575182
25.13699666666667,24.788326
25.366428666666668,24.953495
25.912694999999996,25.020315
26.251379999999997,25.19796
26.594435333333333,25.397448
26.65561733333333,25.687658
26.594435666666662,26.004707
26.526698666666665,26.289366
26.515773333333332,26.476488
25.809997,26.574942
25.095480333333334,26.634024
24.265155333333336,26.665375
24.26078533333333,26.287424
24.313227,25.833101
24.485847,25.370579
24.643171666666667,25.043287
24.638801666666662,24.86788
24.525178333333333,24.785105
24.374408666666668,24.798973
24.287005999999998,24.799423
24.332892333333334,24.737782
24.308856666666667,24.68938
24.243304666666667,24.642082
24.313227,24.614845
24.612581,24.5875
24.944710999999998,24.528069
25.021188,24.554968
24.817977000000003,24.7206
24.844197666666666,24.88937
25.259360333333333,24.978271
25.72696433333333,24.980167
25.982616999999998,25.052683
26.015392999999996,25.29725
25.92799033333333,25.549328
25.807811999999995,25.748268
25.547788999999998,25.928751
25.348947999999996,25.990913
25.189438,25.969797
25.165402333333333,25.88496
25.215658999999995,25.747702
25.366661666666666,25.609522
25.452118,25.53225
25.568227666666665,25.489254
25.642712999999993,25.51737
25.64052233333333,25.5686
25.570418333333333,25.63229
25.340389666666667,25.715603
25.022731,25.750174
24.797083999999998,25.7362
24.59334433333333,25.645853
24.542957,25.455517
24.604297666666668,25.288307
24.788320666666664,25.11249
24.670020333333333,24.961353
24.196818666666665,24.93437
23.74552433333333,24.977448
23.497969666666666,24.872156
23.519877333333334,24.626228
23.543975666666665,24.401747
23.638178,24.168972
23.668848333333333,24.016203
23.885732666666666,23.952168
24.117951999999995,23.914532
24.47285333333333,23.899994
24.73136166666666,24.028002
24.858424999999993,24.175714
24.69850033333333,24.376722
24.39836766666667,24.638735
24.231871,24.791477
24.11138,24.79214
23.94269233333333,24.737436
23.708281999999997,24.660725
23.594362999999998,24.531923
23.894495666666664,24.384382
24.010605333333334,24.210558
24.017177666666665,24.067204
23.87916033333333,24.162312
24.139859666666663,24.18597
24.468471666666666,24.12809
24.70726333333333,24.172346
24.897858333333335,24.315983
25.10597966666666,24.455654
25.095025999999997,24.6426
25.04902033333333,24.855898
25.130077999999997,25.03345
25.217708,25.120115
25.147604,25.18017
25.125696333333337,25.283096
25.42801933333333,25.341385
26.01952133333333,25.310713
26.29117433333333,25.341162
26.32403566666666,25.523891
26.374423,25.825556
26.722751999999996,26.032728
26.884867333333332,26.17223
27.020693666666666,26.365011
26.94620833333333,26.617674
27.051364333333336,26.750732
26.948399333333334,26.905506
26.880485999999994,27.001736
26.630304,27.05921
26.663327,27.06984
26.935648333333333,27.04359
27.418799,26.913013
27.840457666666666,26.898243
27.987599,27.04044
28.027129666666664,27.233826
28.13474033333333,27.510244
28.380708,27.72839
28.648637,27.844494
28.690363666666663,28.03525
28.595929666666663,28.255344
28.512476333333332,28.416245
28.584948999999998,28.53762
28.784797666666666,28.583986
29.133983666666666,28.571278
29.22841766666667,28.636475
29.340420666666667,28.751095
29.48316966666667,28.921808
29.676430000000003,29.040756
29.672037666666668,29.160301
29.476581333333336,29.333
29.38873566666667,29.47999
29.531484666666667,29.525288
29.500738666666667,29.49555
29.54905366666667,29.487642
29.505131000000002,29.548845
29.669841666666667,29.502348
29.687411,29.512955
29.5798,29.553446
29.494150333333334,29.58773
29.421677666666664,29.621893
29.417285666666665,29.593138
28.896800666666667,29.548874
28.514672333333326,29.521833
28.000775666666666,29.4856
27.864614999999993,29.176413
27.598882,28.91494
27.39024866666666,28.626602
27.24530366666667,28.311031
27.229930999999997,28.064995
27.271657666666666,27.830824
27.482487,27.608072
27.548370999999996,27.52161
27.807515333333335,27.47337
28.09520966666667,27.503168
28.363138666666664,27.569664
28.444396,27.710386
28.34996200000001,27.9226
28.21160533333334,28.122694
28.205016999999998,28.254116
28.317020000000003,28.30913
28.40266933333333,28.301718
28.303843,28.316265
28.01395266666666,28.374422
27.94587233333333,28.400602
27.748219666666667,28.355764
27.583509333333332,28.227291
27.238715666666664,28.174856
27.276049999999998,28.036266
27.460525666666666,27.84453
27.671355,27.654259
27.501599333333335,27.581736
27.21308233333333,27.598831
26.893731666666667,27.647324
26.999447666666665,27.57588
27.193260666666664,27.441105
27.44433633333333,27.290592
27.497194333333333,27.267233
27.65576833333333,27.31238
28.14030033333333,27.38876
28.823050333333335,27.461388
28.994838999999995,27.59149
28.891325333333334,27.909843
28.327506000000003,28.345392
28.06101333333333,28.53991
27.754876999999997,28.648998
27.679994999999998,28.56107
27.851783666666662,28.372025
28.038989333333333,28.200357
28.232802,28.048796
27.94428533333333,28.023603
27.638149333333335,28.078903
27.35403733333333,28.140514
27.356239666666667,28.024734
27.36064433333333,27.885172
27.384871,27.758192
27.536837666666663,27.64482
27.739460333333334,27.577063
28.045596333333332,27.547146
28.301076999999996,27.591074
28.57197433333333,27.702023
28.59399866666667,27.8827
28.772394666666663,28.082472
29.223890333333333,28.308453
29.653361999999998,28.429985
30.003546333333336,28.60045
30.148906,28.960089
30.536531666666665,29.239742
30.686296333333335,29.505451
30.55415133333333,29.807991
30.298670666666666,30.115643
30.340516333333326,30.305986
30.408791333333333,30.35715
30.51010266666667,30.328146
30.294265666666664,30.374353
30.175335000000004,30.39259
30.036582666666664,30.397507
29.833960333333334,30.326483
29.723839333333334,30.247038
29.664374000000002,30.168638
29.70842233333334,29.999971
29.574075000000004,29.887531
29.303177333333334,29.833162
29.250319333333337,29.760527
29.16222233333334,29.65565
29.263533666666664,29.502432
29.331808666666667,29.427774
29.22609266666667,29.33811
28.772394666666663,29.305042
28.371554333333332,29.349525
28.105061666666668,29.262566
28.140300333333336,28.999891
27.999345666666663,28.799728
28.168931999999998,28.580238
28.257028666666663,28.415117
28.559273,28.28461
28.588108333333338,28.27955
28.678661,28.29968
28.82001133333333,28.424936
29.100503333333332,28.506874
29.416333,28.568274
29.65486166666667,28.736095
29.95523133333333,28.92598
30.20922,29.11807
30.385907999999993,29.358875
30.427871333333332,29.621284
30.396951,29.845304
30.35057033333333,30.056273
30.414619666666667,30.197573
30.677442999999993,30.250807
30.803333333333338,30.294712
30.927014999999997,30.361595
30.89609466666667,30.496616
30.703946333333334,30.591734
30.390325333333333,30.689014
29.990568999999997,30.75691
29.798420999999998,30.674511
29.95302266666667,30.520737
30.290938333333337,30.310453
30.558179000000003,30.103996
30.567013666666668,30.093813
30.54492766666667,30.199303
30.52505,30.276514
30.55597033333333,30.34701
30.593516333333334,30.425354
30.82983666666667,30.440695
30.893886,30.474272
31.006524666666667,30.534376
30.977812666666665,30.648909
30.962352333333335,30.712347
30.977812333333333,30.79845
30.999898333333334,30.857012
31.337814,30.852873
31.481372999999998,30.896248
31.638183666666666,30.931765
31.417324,31.087318
31.209715666666668,31.22234
31.033027666666666,31.31544
30.960143666666667,31.299915
31.002107000000006,31.219908
31.238426999999998,31.137169
31.468121333333333,31.049828
31.578551333333326,31.011822
31.59622033333333,31.111233
31.78836866666667,31.220676
32.12628433333334,31.283691
32.27426033333334,31.38114
32.254383000000004,31.54419
32.205794,31.749739
32.261009,31.890827
32.450948333333336,31.962013
32.94567466666667,32.0269
33.67009533333333,32.091717
34.18911633333333,32.197773
34.32604933333334,32.498444
34.255373999999996,32.9536
34.348135,33.3215
34.381263999999994,33.57984
34.27947333333333,33.775864
34.26415166666666,33.941956
34.25086933333333,34.023136
34.20880866666666,34.011032
34.182244,34.0444
34.08483966666667,34.047134
33.878962333333334,33.976917
33.473849333333334,33.981
33.442857000000004,33.933838
33.73728366666667,33.756973
34.049420000000005,33.544556
34.025069,33.483944
34.04720633333334,33.54703
34.332777666666665,33.63226
34.79987533333333,33.652245
34.89506566666667,33.727367
34.534227333333334,33.938847
34.016214,34.200314
33.82361933333333,34.3112
34.011786666666666,34.22921
34.19774,34.046
34.32613633333334,33.91524
34.16674733333333,33.918526
34.005145,33.925106
33.872321,33.957905
33.88560366666666,33.927505
33.98522166666667,33.833687
33.97193933333334,33.77615
33.71514633333334,33.75624
33.61995566666666,33.7535
33.67751266666667,33.736614
33.932091666666665,33.598534
34.02506833333333,33.53052
33.85682466666667,33.56358
34.682547,33.61544
35.313461,33.665382
36.039565333333336,33.62559
35.72964266666667,34.0884
35.74071133333334,34.539715
35.74735266666667,34.87599
35.654376,35.07085
35.554758,35.244328
35.545903,35.343864
35.64773466666667,35.307995
35.55033033333333,35.294228
35.355522,35.308727
35.35773566666667,35.301617
35.421934,35.243465
35.842543,35.14796
36.170175666666665,35.134537
36.57750233333333,35.143456
36.579716,35.31926
36.62399066666667,35.55036
36.58414366666666,35.792038
36.672693,35.93047
36.91841733333333,36.055862
37.52276633333333,36.13943
37.99650533333333,36.200775
38.127115333333336,36.37745
38.04963466666666,36.744133
38.01642866666666,37.048138
38.127115333333336,37.221172
38.07442833333334,37.383904
38.123649666666665,37.47269
38.09311033333333,37.545162
37.880101333333336,37.577103
37.79134766666666,37.606167
37.669311333333326,37.612045
37.944447999999994,37.489635
38.270618,37.430996
38.66335333333333,37.37298
38.991742333333335,37.424515
39.111560000000004,37.618824
39.43773,37.830795
39.750586999999996,38.072033
40.09894533333333,38.277355
40.283109333333336,38.54493
40.396270333333334,38.83804
40.491680666666674,39.10279
40.216544,39.330193
39.55532833333333,39.516697
38.971772333333334,39.660744
38.667791,39.58438
38.61897666666666,39.250706
38.887457,38.939613
38.898551,38.670334
38.565724333333335,38.41376
38.18852066666667,38.437706
38.028763999999995,38.393925
38.50359666666667,38.09583
38.860830666666665,37.96515
39.21140799999999,37.87212
39.53092133333333,37.91659
39.635207,38.138218
39.87262333333333,38.33085
38.87858133333333,38.56494
37.82684933333333,38.7875
36.90824800000001,38.985332
37.36089233333333,38.55296
37.62493466666667,37.965984
37.804661,37.5243
37.715907,37.382534
37.884539,37.26223
37.798004,37.226147
37.806879333333335,37.24627
37.72034466666667,37.309143
38.03542066666667,37.287426
38.22846033333334,37.309315
38.685542000000005,37.316357
38.827548,37.442352
38.90520733333332,37.588573
38.48140833333333,37.832455
38.17964533333333,38.023186
37.66931133333333,38.125134
37.354235333333335,38.01913
37.074661,37.882317
37.28323233333333,37.612778
37.547275000000006,37.296898
37.746971,37.06799
37.591652,37.03349
37.28767033333333,37.05826
36.94596833333334,37.110126
36.74183466666667,37.08992
36.615360333333335,36.94784
36.51107466666666,36.776787
36.677488000000004,36.62742
37.048035,36.456764
37.487366333333334,36.3106
37.638247666666665,36.349495
37.462959,36.50151
36.948187,36.7052
36.51773133333333,36.88091
36.54702,36.888874
36.50894233333334,36.68692
36.117393666666665,36.48337
35.467952333333336,36.442085
35.258885666666664,36.283184
35.46128033333333,35.95855
35.906103333333334,35.620964
36.257513333333335,35.39895
36.544424,35.330944
36.624492000000004,35.45092
36.75571466666666,35.622772
36.626715999999995,35.81553
36.342029333333336,35.98322
35.901654666666666,36.142563
35.82381066666667,36.161304
35.98839533333334,36.044388
36.26418566666666,35.84633
36.55109633333333,35.744766
36.67119833333334,35.74907
36.78018,35.800407
36.77350766666667,35.95637
36.85802400000001,36.082054
37.16495166666667,36.176228
37.50524133333333,36.27341
37.60755066666667,36.363876
37.18052066666667,36.557182
36.78018,36.800354
36.584458000000005,36.895836
36.544424,36.755722
36.535527333333334,36.621994
36.662301666666664,36.50673
37.078211,36.34094
37.36512200000001,36.270954
37.71430800000001,36.315277
37.887789,36.471004
38.03458033333333,36.65017
37.98565,36.905766
38.043477,37.122208
38.156907,37.280224
38.53723033333333,37.37877
38.93534666666667,37.476368
39.34235966666667,37.581688
39.406859,37.807724
39.384618,38.08321
39.188896,38.35689
39.10215566666667,38.530193
38.970933,38.636013
39.07546633333333,38.634686
39.246723,38.606236
39.31344633333334,38.550327
39.291205000000005,38.561405
39.033207999999995,38.642574
38.817469,38.654797
38.639540000000004,38.659744
38.575040666666666,38.580883
38.57103733333334,38.431797
38.482487,38.324196
38.607865000000004,38.233517
38.730472,38.14366
38.957852333333335,38.064598
38.92887266666666,38.103115
38.72824266666667,38.15274
38.38048433333333,38.248253
38.017121333333336,38.300144
37.89451433333333,38.20916
37.876680666666665,38.053402
37.91457733333333,37.85298
37.99482933333333,37.688236
37.62254933333333,37.594368
37.508859,37.52496
37.45312833333333,37.51491
38.026038,37.309643
38.32029533333333,37.195858
38.34927533333333,37.203957
38.083998,37.37784
37.82095,37.547855
37.640383,37.608456
37.69611366666666,37.580097
37.651529,37.495163
37.660446,37.374
37.54452666666666,37.353462
37.355042999999995,37.28935
37.24804033333333,37.218723
36.97830466666666,37.18288
36.978304666666666,37.043095
36.89136533333333,36.936733
36.73309066666667,36.796635
36.63054666666667,36.694386
36.724173666666665,36.620293
37.446441,36.46664
38.28016933333333,36.367393
38.93556033333333,36.40914
39.10275166666666,36.731876
38.98460300000001,37.2093
38.77951466666667,37.65768
38.647990666666665,37.98117
38.61678166666666,38.155598
38.558822000000006,38.198097
38.427298,38.1953
38.27348166666667,38.188282
38.42729766666667,38.122128
38.630157,38.01937
38.748305666666674,37.92432
38.71486733333333,37.962124
38.623469,38.040077
38.56996766666667,38.073814
38.518695666666666,38.113537
38.50532066666667,38.11435
38.761681,38.07647
38.812953,38.060875
38.884288000000005,38.04387
38.94893533333333,38.152157
39.055938,38.201477
39.131731333333335,38.219894
38.833016,38.34305
38.516466666666666,38.42
38.45181933333334,38.44777
38.30469066666667,38.36721
38.227114,38.193462
38.07631133333333,38.13769
38.12605,38.004257
38.059017,37.83834
37.764072666666664,37.772377
37.74843166666666,37.733715
37.831105666666666,37.61836
37.645647999999994,37.45417
37.54509866666667,37.43484
37.20099666666667,37.429672
36.897114333333334,37.240475
36.07707933333333,37.199017
35.353124333333334,37.044292
34.939755,36.71022
34.69843666666667,36.271584
34.80568933333333,35.757404
34.93081733333334,35.313972
35.44250133333333,34.970673
35.61678666666667,34.79816
35.920669000000004,34.73308
35.93184133333333,34.922215
36.141877666666666,35.052086
36.354148333333335,35.21975
36.45469766666667,35.40931
36.528434,35.562294
36.66696866666666,35.75344
37.13396399999999,35.90064
37.436834,35.981552
37.50971833333333,36.138756
37.67381366666666,36.452198
37.906024,36.650333
38.339483333333334,36.762733
38.42927133333333,37.029606
38.59027066666667,37.225636
38.56550166666666,37.46065
38.53763666666667,37.685043
38.472617666666665,37.82715
38.27136866666667,37.911552
38.032966,37.977676
38.03915833333333,37.968403
38.48809833333333,37.86036
38.93703833333333,37.736122
39.385978333333334,37.7063
39.537689,37.884457
39.68939966666666,38.10311
39.342631999999995,38.37419
39.10732566666666,38.617203
38.94942266666667,38.803123
39.15996033333333,38.737797
39.25903666666666,38.660515
39.03611466666667,38.63307
38.76675033333333,38.63439
38.159907,38.65088
37.88435066666666,38.5368
37.364199666666664,38.380898
36.850240666666664,38.06035
36.184571,37.790264
36.196955333333335,37.43757
36.82237533333333,36.949005
37.723351666666666,36.46864
38.379733,36.300476
38.58717433333334,36.436943
38.50977066666667,36.775333
38.354964,37.20921
38.342579666666666,37.508835
38.416887,37.662796
38.28065666666667,37.77425
38.07321533333333,37.839077
37.617503,37.879475
37.10249066666667,37.828445
36.83556633333333,37.706
37.17387733333334,37.453327
37.61150933333333,37.098213
37.738763666666664,36.8622
37.32285833333333,36.915684
36.847981000000004,37.013317
36.196189000000004,37.02941
35.792698666666666,36.9196
35.441972666666665,36.70247
35.48852933333333,36.310482
35.92305733333333,35.970024
36.196189,35.65809
36.50346233333334,35.454983
36.224123,35.58159
35.972717666666675,35.663307
35.758557333333336,35.775192
35.45438766666666,35.809025
35.668548,35.681564
36.028585666666665,35.596752
36.444491,35.425495
36.70520766666667,35.409866
36.618302,35.610325
36.596575666666666,35.765182
36.640028666666666,35.94648
36.636925,36.072105
36.94109466666667,36.101906
37.090075666666664,36.19763
37.45942433333333,36.239933
37.93119766666666,36.370556
38.241574666666665,36.529808
38.68541433333333,36.73068
38.744386,37.081226
39.02682933333334,37.353302
39.10442366666667,37.68024
39.299961333333336,37.925823
39.346518,38.150234
39.50170633333333,38.345478
39.47066833333333,38.51938
39.405488999999996,38.62511
39.256508,38.76888
39.02993266666667,38.8228
38.94923466666666,38.79033
38.455735,38.770615
38.244678666666665,38.640934
38.04603733333333,38.533466
38.120528,38.265713
38.418490000000006,38.030167
38.567471000000005,37.892853
38.95544233333334,37.779144
39.079593333333335,37.85588
39.275130999999995,37.94851
39.29996133333333,38.1219
38.95233866666666,38.306
38.51781066666667,38.459408
38.05224466666666,38.569622
38.08949,38.45506
38.40343133333333,38.232967
38.69862199999999,37.99456
38.785739,37.881683
38.88841266666667,37.938473
39.006642666666664,38.018692
39.333331666666666,38.066143
39.39866933333333,38.20577
39.57290366666667,38.33104
39.91826033333333,38.5143
40.16094366666666,38.652203
40.341400333333326,38.78522
40.28850766666666,39.069584
40.316509333333336,39.265415
40.28850733333333,39.398167
40.22939233333334,39.53486
40.15472066666666,39.602703
40.07071499999999,39.60666
39.893369666666665,39.62247
39.768917,39.587368
39.54179033333334,39.51085
39.40489233333333,39.418343
39.239992,39.3157
39.05020133333334,39.14401
38.941305,39.014446
38.93508233333333,38.88724
39.00353166666667,38.68648
38.92886,38.576424
38.88530166666667,38.538227
39.16843166666667,38.47518
39.48889766666667,38.416172
39.523122333333326,38.40555
39.308441333333334,38.53324
39.13109600000001,38.706577
39.171543,38.742813
39.42667133333333,38.70679
39.52623366666667,38.69117
39.703579,38.68255
39.607127999999996,38.7787
39.647574999999996,38.84969
39.476452333333334,38.939133
39.56668066666666,38.968273
39.333331666666666,39.000977
39.062646666666666,38.95409
38.536833333333334,38.981415
38.337708666666664,38.88238
38.30970666666666,38.662857
38.191476333333334,38.39616
37.94257066666667,38.19522
37.58476866666667,38.055428
37.45409333333333,37.87026
37.519431,37.666927
37.69988766666667,37.43509
37.61277066666667,37.26711
37.30163866666666,37.22188
37.071400999999994,37.23302
36.99672900000001,37.145996
37.114959,36.9865
37.021619333333334,36.876465
37.08695733333333,36.77306
36.993617666666665,36.743473
37.21141,36.676422
37.28608166666667,36.663578
37.44787066666667,36.636604
37.026847333333336,36.71039
36.59947666666667,36.78309
36.36242533333333,36.85434
36.62442933333333,36.693283
36.867718999999994,36.45194
37.033031,36.341816
36.774146,36.353554
36.636905666666664,36.371246
36.515261,36.461372
36.892671666666665,36.384407
37.38236966666667,36.29123
37.61006366666667,36.291096
37.72858933333333,36.419422
37.560158333333334,36.66058
37.53832466666667,36.8343
37.298154333333336,36.98637
37.41667999999999,37.03507
37.47594266666666,37.055862
37.394845999999994,36.977894
37.17027100000001,37.008625
37.232653000000006,37.056637
37.572634666666666,36.942696
37.996831666666665,36.84394
38.15278666666667,36.9116
38.33993233333333,37.01852
38.230764,37.216858
38.15902466666666,37.407124
37.884544333333324,37.566486
37.68804133333334,37.619335
37.610064,37.6395
37.391726999999996,37.541733
37.04862633333333,37.397926
36.45287866666666,37.344414
36.21270833333333,37.154957
36.190874666666666,36.86497
36.33435333333333,36.5376
36.256375999999996,36.27506
35.847774333333334,36.115276
34.97754633333333,36.05844
33.81724233333333,35.945488
32.834727,35.684666
32.644462,35.202946
33.255805,34.47012
33.92641066666667,33.73137
34.14162833333334,33.34162
33.552119000000005,33.326412
33.24644766666667,33.43211
33.071778333333334,33.531776
33.16847033333334,33.348175
33.380569,33.22931
33.315068,33.192013
33.56459566666666,33.074627
33.486618,33.144394
33.489737,33.153473
33.580191,33.1932
33.75486033333333,33.254505
34.01998366666666,33.24425
33.892100666666664,33.311573
33.633215666666665,33.45679
33.21213766666666,33.580635
32.965728999999996,33.562492
32.61015233333333,33.487724
32.454197666666666,33.295914
31.991593666666667,33.08199
31.769494999999996,32.83131
31.731956999999998,32.615093
31.84769866666667,32.269714
32.13861633333333,32.005104
32.45455966666667,31.9207
32.817425,31.82011
33.08957433333333,31.89218
33.29916033333333,32.12749
33.71520433333333,32.304913
33.855971000000004,32.53646
33.737101333333335,32.823284
33.36797966666667,33.112667
33.239725666666665,33.30726
33.286648,33.36693
33.655769666666664,33.2665
33.88725266666667,33.216103
33.92479033333333,33.225014
33.880996333333336,33.331295
34.128120333333335,33.46948
34.41903833333334,33.521515
34.71934066666667,33.565315
34.847594666666666,33.77102
35.119743666666665,33.9491
35.34184233333333,34.12121
35.676554333333335,34.337425
35.854859000000005,34.557655
36.03629166666667,34.74784
35.94557533333333,35.031666
35.904909333333336,35.240437
35.773527,35.394245
35.67342633333333,35.490166
35.523275000000005,35.51848
35.38876466666667,35.479824
35.010258333333326,35.433258
34.907029333333334,35.337658
35.185434666666666,35.213997
35.989369333333336,34.98129
36.355363000000004,34.8485
36.63689633333334,34.956432
36.85273866666667,35.29516
37.531547333333336,35.51172
38.17594633333333,35.777172
38.78280766666666,36.136005
39.142545,36.568336
39.054956999999995,37.058434
38.57009366666666,37.581707
38.04769266666667,37.989517
38.060205,38.145535
38.147793,38.070457
38.46686433333333,37.879017
38.42932666666667,37.843117
38.601375000000004,37.799004
38.294816,37.842323
38.066461,37.87697
37.928822333333336,37.949356
38.316713,37.84139
38.482504999999996,37.701122
38.26040633333333,37.670307
38.07271733333333,37.789345
38.210356000000004,37.82853
38.73275733333334,37.716457
39.142545000000005,37.696754
39.31772133333333,37.77869
39.502281999999994,37.976402
39.51166666666666,38.24118
39.557024999999996,38.418724
39.06963399999999,38.62883
38.597763,38.77625
38.25899333333333,38.83129
37.728882,38.651005
37.11407833333333,38.395805
36.238924000000004,38.190506
35.98484666666666,37.747105
35.442188,37.234882
35.338675,36.684605
34.99990566666667,36.269432
35.10655533333334,35.756
34.996769,35.436054
35.03441,35.162533
35.279077,34.976097
35.38886333333333,34.867348
35.47669233333333,34.803867
35.184974000000004,34.898888
34.714461,34.969105
34.758375666666666,35.00091
34.959128,34.93342
35.26025633333333,34.68296
35.11596566666666,34.673824
35.03127333333334,34.760586
34.70818766666667,34.760994
33.95850333333333,34.75137
33.31546866666667,34.778736
33.255870333333334,34.57884
33.42211833333334,34.124866
33.68874233333333,33.760124
34.074563,33.577393
34.87129866666667,33.407932
35.175564,33.427296
35.288487333333336,33.661148
35.33867533333333,34.06555
35.33240166666666,34.33987
35.34494866666667,34.558407
35.21947866666667,34.81507
35.351222666666665,34.887363
35.31044466666667,34.929607
35.611573,34.97696
36.06640233333333,35.010143
36.646702000000005,34.989662
36.88195866666667,35.165615
37.004292,35.4563
36.65611233333333,35.762558
36.276565000000005,36.039364
35.821735666666676,36.26765
36.17932566666667,36.205917
36.45849666666666,36.056255
36.555736,35.87546
36.477317,35.930386
36.562009333333336,36.02367
37.15799266666667,35.989502
37.368155333333334,36.035454
37.553224,36.15415
37.32737766666667,36.43089
37.258369,36.619865
37.14544566666667,36.78163
37.36188166666667,36.82982
37.57831766666667,36.82035
37.68183066666667,36.80553
37.76495466666667,36.901638
37.76625466666667,37.01196
37.61631933333334,37.059692
37.59429933333333,37.17467
37.42443133333333,37.239826
37.512511,37.147606
37.251417666666676,37.183323
37.339497333333334,37.12509
37.701253,37.05672
38.13221433333334,36.97472
38.497116,36.96171
38.692149666666666,37.137848
38.88718333333333,37.364204
39.079071,37.58843
39.274104666666666,37.838306
39.399933,38.064095
39.434536,38.25692
39.242647999999996,38.47151
39.173442333333334,38.628277
39.031885666666675,38.70446
38.90605766666667,38.682625
38.946951999999996,38.673607
38.965826,38.602104
38.83999766666666,38.477516
38.60406966666667,38.492958
38.663838,38.47484
38.918639999999996,38.326195
39.24579333333333,38.235012
39.569801000000005,38.26212
40.010199666666665,38.309723
40.20523333333333,38.47145
40.356227,38.721565
40.884705,39.00249
41.41947433333333,39.22125
41.92907833333334,39.429886
42.080072,39.846928
42.15871466666666,40.240368
42.306562666666665,40.59032
42.47328499999999,40.912773
42.768981000000004,41.106747
43.01749166666667,41.29517
43.16533966666667,41.51042
43.303750666666666,41.708164
43.328916,41.914246
43.27543933333333,42.093987
43.24712799999999,42.23929
43.199942666666665,42.336224
43.33520766666667,42.3653
43.40755899999999,42.3882
43.28487666666666,42.3848
42.89795533333333,42.44089
42.52676233333333,42.496548
42.39464266666667,42.416462
42.536199333333336,42.22874
42.677756,42.037067
43.05524033333334,41.88559
43.303750666666666,41.85196
43.51451266666667,41.865364
43.68438066666667,42.028236
43.04265733333334,42.216274
41.85672733333333,42.355534
40.73371133333333,42.563007
40.620466,42.312702
41.317239,41.63096
41.82232,41.07054
41.854852333333326,40.768898
41.889545,40.74182
41.83277566666667,40.862473
42.378393333333335,40.869038
42.671701999999996,40.961205
43.337165999999996,41.056644
43.630474666666665,41.318302
44.07201499999999,41.574913
44.116169,41.97335
44.239169666666655,42.32024
44.295939,42.64984
44.40317033333333,42.885685
44.36217,43.064587
44.23601566666666,43.217983
43.96162999999999,43.335075
44.049938,43.357414
44.26440033333333,43.32556
44.69647866666666,43.204693
45.06232633333333,43.215137
45.25471166666666,43.323166
45.150634333333336,43.48861
44.82894066666666,43.74681
44.50093933333333,43.94562
44.598709,43.96632
44.642863,43.90452
44.83840233333333,43.778885
44.84471,43.767918
45.12855733333333,43.753223
45.346173666666665,43.778744
45.639482666666666,43.824474
45.68679066666667,43.976246
45.77825233333334,44.13746
45.23578866666667,44.323887
45.027634,44.454533
44.759555999999996,44.56518
45.10648033333333,44.350555
44.81632533333333,44.21938
44.715402,44.132927
44.557709,44.120987
44.847864,43.944798
44.81001766666667,43.843666
44.70278666666666,43.798096
44.50409366666667,43.83379
44.45993966666666,43.809246
44.450478000000004,43.741882
44.488324,43.674294
44.49463166666666,43.619408
43.841783,43.572044
43.41285833333333,43.56449
42.74424033333333,43.557335
42.73793266666666,43.18189
42.640163,42.901875
42.60547066666666,42.55992
42.63385533333333,42.25782
42.71900966666666,42.128166
43.11324199999999,41.973366
43.65570566666666,41.870052
43.939553,41.9366
44.10670733333334,42.107994
44.116169,42.393887
44.295938666666665,42.655094
44.245477,42.84823
44.40474666666667,43.00235
44.42843933333333,43.1933
44.59697066666666,43.22555
44.615939999999995,43.33359
44.66652499999999,43.452705
44.840410666666656,43.499
45.011134999999996,43.566685
44.50212366666666,43.6538
43.89826566666667,43.745106
43.098391,43.873558
42.90553566666667,43.643387
42.80436566666667,43.295506
42.892889333333336,42.91759
43.190076,42.587112
43.47461666666667,42.35079
43.515717,42.245075
43.46197066666666,42.307644
42.65893433333333,42.42481
41.963391,42.457794
41.182485666666665,42.50431
41.090800333333334,42.141926
41.15403166666667,41.680573
41.18880866666667,41.27149
41.201454999999996,40.9316
41.22990899999999,40.743553
41.49231866666666,40.633533
42.266900666666665,40.535484
42.886566333333334,40.532124
43.398739,40.67798
43.816064999999995,41.08948
44.053182,41.501366
43.86032666666666,41.88814
43.34499233333333,42.378357
43.28492266666667,42.693523
43.477778,42.70534
43.363962,42.618134
42.981413333333336,42.643852
42.51350233333333,42.66045
42.39020133333334,42.51599
42.364909,42.331512
42.093014999999994,42.080757
42.039268666666665,41.888138
41.75156666666667,41.794968
41.62826566666667,41.5345
41.485995333333335,41.4188
41.659881,41.288067
42.175215333333334,41.04639
42.478725000000004,40.955433
42.88024333333333,41.021133
43.34183133333334,41.18391
43.705411,41.377007
43.891943,41.683746
43.84135799999999,42.05756
43.97414333333332,42.355347
43.82238833333332,42.610023
43.59791733333332,42.755844
43.487262666666666,42.905804
43.52836299999999,42.91243
43.69908733333333,42.7846
43.69592599999999,42.768032
43.84451933333333,42.762875
43.765480333333336,42.751724
43.63016533333334,42.781433
43.37147633333333,42.87389
43.65742633333333,42.833904
44.12034933333333,42.765297
44.43107866666667,42.684555
44.90668433333333,42.776825
45.23643766666667,43.01684
45.73106733333333,43.16557
46.130576000000005,43.50726
46.25106266666666,43.874115
46.43813433333334,44.17211
46.143259,44.587276
46.057649999999995,44.833256
45.724726,45.000946
45.50277666666666,45.0412
45.230096,45.015095
45.13814566666667,44.863865
45.388631333333336,44.694855
45.63594633333333,44.510723
46.04813766666667,44.35184
45.81350533333334,44.417366
46.067161666666664,44.507103
46.26057466666666,44.67511
46.65057133333333,44.66687
46.78057033333334,44.825962
46.783741000000006,45.059906
47.018373000000004,45.212612
47.19276166666666,45.390366
47.57324633333334,45.52115
47.80153733333333,45.673645
47.98860866666667,45.852837
47.963243,46.1006
48.36275166666667,46.30351
48.46421433333334,46.479305
48.85738166666667,46.58621
48.771772666666664,46.862606
48.930308,47.005714
48.87957666666666,47.21317
49.00323399999999,47.35112
49.10469633333333,47.436077
49.05079433333333,47.507557
49.14591566666666,47.606358
49.057136,47.680904
49.272744,47.66953
49.02225833333333,47.75929
48.96835633333333,47.749615
48.787625999999996,47.814407
48.844698666666666,47.762768
49.142745000000005,47.675987
49.47249833333334,47.627476
49.719812999999995,47.604713
50.33810033333333,47.721344
50.52834266666667,47.915607
50.87712033333333,48.057716
50.575903333333336,48.483696
50.452246,48.738583
50.39517333333335,48.931953
50.404685333333326,49.03563
50.53785466666666,49.000294
50.57273233333333,49.004517
50.65517066666666,49.027863
50.66785366666666,49.03577
50.69321933333333,49.065464
50.55434266666666,49.131496
50.62182266666667,49.141117
50.44152866666666,49.166607
50.390670666666665,49.135365
50.37477766666666,49.148975
50.44470733333333,49.07287
50.447886000000004,48.997135
50.34617,49.012775
50.253989999999995,49.00243
50.13002366666666,48.965515
50.330276999999995,48.946075
50.482851000000004,48.887497
50.71806899999999,48.788845
50.61317433333334,48.893314
50.68946100000001,48.970512
51.124932,49.032925
51.65894033333334,49.0875
52.15480533333333,49.15278
52.46948866666667,49.413372
52.54577566666667,49.75284
52.85410166666667,50.05675
53.01303266666667,50.393345
53.365859333333326,50.605545
53.651935333333334,50.863712
53.87761766666667,51.106792
53.92847566666667,51.335495
53.982512,51.606808
53.864903,51.826332
53.83629533333333,51.928127
53.61061333333334,52.0657
53.74729400000001,52.08058
53.938011333333336,52.044132
53.81404533333333,51.983818
53.54386266666667,52.02081
53.32135933333333,52.106045
53.41989633333333,52.006256
54.31308866666667,51.87929
55.298461,51.81566
56.321977000000004,51.776997
56.59215966666666,52.207233
56.95452233333333,52.809647
57.28509866666667,53.366207
57.672890333333335,53.83344
57.81274966666667,54.325386
57.83182133333334,54.71817
57.631568333333334,55.065254
57.574352999999995,55.33652
57.49488766666667,55.453102
57.211990333333326,55.439632
56.69069666666667,55.47566
56.41415666666666,55.435993
56.46819333333334,55.21532
56.538123,54.939663
56.611231333333336,54.75009
56.98312966666666,54.645218
57.339135,54.561874
57.42813633333333,54.557465
57.44720833333333,54.763603
57.269205666666664,54.96052
57.09438166666667,55.022793
56.544480333333325,55.171818
56.42687133333334,55.169106
56.32896966666666,55.023643
56.507972,54.7944
56.464342666666674,54.67277
56.773361,54.52834
56.744688999999994,54.49691
56.903976666666665,54.4784
56.93264833333333,54.58341
57.11742233333333,54.611927
57.467855666666665,54.68302
57.89156133333332,54.79381
58.43951133333333,54.884514
58.700743333333335,55.113525
58.70711500000001,55.422028
58.662514333333334,55.754143
58.48092633333333,56.03207
58.53189833333333,56.175533
58.57012766666667,56.27354
58.42995433333334,56.263607
57.90430466666667,56.286785
57.39776933333334,56.33711
57.25122433333333,56.21748
57.27352466666666,55.9223
57.28308199999999,55.660748
57.321311333333334,55.491283
57.50608499999999,55.336998
57.566614333333334,55.247498
57.78006,55.244057
57.70678766666666,55.30141
57.56342866666667,55.326614
56.830704666666655,55.467815
56.57265833333333,55.489986
56.55354366666666,55.38807
56.81159,55.06808
57.70678766666667,54.872288
58.10182133333334,54.805264
58.69755766666667,54.75437
58.57012733333334,55.20724
59.239136333333335,55.51106
59.723371333333326,55.77998
60.022832333333334,56.066467
60.00371766666667,56.514446
60.22353466666666,56.889435
60.481581,57.14853
60.80015666666667,57.352077
61.201561999999996,57.59183
61.485094333333336,57.7977
61.60933866666667,58.022453
61.606153,58.35237
61.848270333333325,58.58757
62.08083066666666,58.728794
62.526836333333335,58.88267
62.845412,59.08342
62.979213666666666,59.236244
62.84222633333333,59.5343
62.78488266666667,59.822323
62.98877133333333,59.926235
63.14487333333334,59.990566
63.18628833333333,60.074856
63.135316,60.16855
63.011071333333334,60.261353
62.57780833333333,60.320328
62.00118666666667,60.326202
61.55836666666666,60.28838
61.319435,60.05816
61.348106666666666,59.703747
61.543075,59.42797
61.95804199999999,59.159943
62.51999466666666,58.990376
62.784950333333335,59.03033
63.17121133333333,59.18255
63.40424466666666,59.46452
63.691546333333335,59.709915
63.77454433333334,60.011555
64.08738366666667,60.303246
64.211881,60.537712
64.304456,60.70717
63.85115799999999,60.981358
63.67558466666667,61.132942
63.666008,61.200577
64.026731,61.08525
64.21188099999999,60.989548
64.35233933333333,60.994644
64.39703066666667,61.09689
64.61729499999998,61.17097
64.82479066666666,61.275635
64.85671333333333,61.380417
64.958865,61.520805
64.97482633333334,61.68991
65.17912933333332,61.748165
65.28766566666667,61.853962
65.35151033333334,61.94844
65.38981733333333,62.039745
65.30681899999999,62.153442
65.06740099999999,62.22396
64.60771866666666,62.271233
64.29487933333333,62.275574
64.29168700000001,62.151424
64.45129899999999,61.894405
64.96524933333335,61.702187
65.38981733333335,61.626587
66.23576033333333,61.579506
66.60925233333334,61.807003
66.57732966666667,62.085793
66.38579533333333,62.535534
66.194261,62.938522
66.80078666666668,63.028843
66.58690666666668,63.11701
66.564561,63.169903
65.95803533333333,63.425564
65.175937,63.355095
64.08738366666667,63.29568
63.193557000000006,63.14898
63.34359233333333,62.57244
63.83838933333333,61.90448
64.19272766666666,61.34953
64.304456,61.0893
64.08099933333332,61.09921
63.924579666666666,61.13438
64.10015266666667,61.187664
64.412992,61.170547
64.80882966666667,61.10394
64.74179266666665,61.228924
64.69710133333334,61.396877
64.569412,61.560955
64.52152833333332,61.627956
64.45129899999999,61.670837
64.48322133333333,61.66572
64.44140300000001,61.628143
64.585182,61.59543
65.23136400000001,61.59673
65.81684366666666,61.549824
66.55269200000001,61.609554
66.786244,61.996475
67.73644800000001,62.318066
68.02118933333334,62.75257
68.26113966666666,63.15768
68.24834233333334,63.77552
68.38911333333334,64.15605
68.79223033333334,64.38535
68.93939999999999,64.67808
69.52807866666667,64.836205
69.982385,65.06555
70.38230266666667,65.28987
70.54546933333333,65.62322
70.66704433333334,65.993095
71.10855366666667,66.291435
71.41249099999999,66.52987
71.13414833333334,66.74743
70.68943966666667,67.080475
70.14555166666668,67.3267
69.58886633333334,67.22128
67.92200966666667,67.1035
66.52069833333334,66.89293
65.50010866666666,66.416435
64.48591766666668,65.41794
64.01561433333335,64.49967
64.13399,63.72019
65.18657333333333,62.61746
66.05679433333333,61.98666
67.20535766666666,61.892952
68.36671833333334,61.986443
68.80822733333332,62.373615
68.561878,63.192513
68.149163,63.97514
68.027588,64.42928
67.81323233333333,64.71002
67.275743,64.76752
66.60068199999999,64.7389
65.57689266666667,64.66008
65.10019100000001,64.300186
64.76745966666667,63.852825
65.00101166666667,63.251602
65.70166733333335,62.74975
66.43751566666667,62.39098
67.40371666666667,62.254864
67.72685,62.504307
67.99239533333333,62.857807
67.605275,63.405914
67.43571,63.829502
67.18616133333333,64.12196
67.00059966666666,64.17207
66.89502133333333,64.176186
66.73505433333334,64.10844
66.13677766666667,63.930614
64.92422733333333,63.843597
64.54030633333333,63.72253
64.389937,63.276535
64.49871466666667,62.570286
64.08280033333334,62.301704
63.30824,62.012806
63.04310733333333,61.67959
62.62762766666667,61.490494
63.02847033333333,60.976604
62.460877333333336,60.64298
62.37750233333333,60.437275
62.68534933333334,60.36072
63.46458700000001,59.98429
64.10914166666667,59.86264
64.29192566666667,60.10162
64.96213433333332,60.31509
65.35977,60.680977
66.110147,61.02181
66.04601233333335,61.456493
65.76061266666667,61.87669
65.28601533333332,62.40355
64.859519,62.57247
64.29833933333333,62.516727
63.75319366666667,62.484158
63.637750999999994,62.20783
63.618510666666666,61.76201
63.576823,61.450676
63.45817366666666,61.229115
63.650578,60.989834
63.89429,60.886463
64.36888733333332,60.79122
64.69918166666666,60.798344
65.06154333333332,60.954098
65.532934,61.19706
66.19993566666665,61.41707
66.54626366666665,61.719307
64.50677733333333,62.1138
62.098515666666664,62.562004
60.29632800000001,62.891872
60.87995466666668,61.922966
62.037588,60.63664
62.438430333333336,59.7806
62.50577166666666,59.36417
62.04720766666667,59.40426
61.50526866666667,59.46917
60.645862666666666,59.48392
60.187299,59.409573
59.79287,59.15047
60.091096666666665,58.653748
60.31236166666667,58.325737
60.82544,57.974567
61.59826433333333,57.84285
62.19151133333334,57.918472
62.900200999999996,58.076973
63.20163433333333,58.531693
63.55116900000001,58.998325
63.721126,59.465897
63.77884733333333,59.90748
63.717918999999995,60.28085
63.30424966666666,60.54143
62.40956933333332,60.718094
61.33851833333333,60.795277
60.71961766666667,60.616375
60.48552566666667,60.132217
59.975654000000006,59.51517
59.63573933333334,59.022015
59.106627333333336,58.624653
59.135488,58.062134
59.09059366666666,57.702305
59.244196333333335,57.33297
59.278979,57.06736
59.314189000000006,56.98914
59.57777933333333,56.952164
60.178893,56.900158
60.780007,56.951656
60.96323399999999,57.113445
61.069313,57.428013
60.976091999999994,57.827435
60.931089,58.029675
60.799293999999996,58.231876
60.673928,58.375492
61.133603333333326,58.352325
61.393978999999995,58.33488
61.62863866666666,58.310406
61.83436733333333,58.49438
62.51262933333333,58.65559
63.48662666666667,58.756916
63.79521999999999,59.008575
63.36769,59.464794
63.139459333333335,60.035797
62.89194166666667,60.350983
63.10409933333333,60.31942
63.004449666666666,60.42706
63.496270333333335,60.361877
64.25811,60.310863
64.78850466666667,60.350677
64.84636566666667,60.550198
64.39633366666666,60.966686
63.93344366666667,61.320923
63.952731,61.463257
63.46091066666667,61.430016
63.31947199999999,61.28451
62.647638666666666,61.272736
62.564061333333335,60.945198
62.38083433333333,60.721764
62.699070999999996,60.42378
63.09124166666667,60.131912
63.42876533333334,59.984447
63.566989666666665,60.044212
63.88844066666666,60.169106
64.21953566666667,60.3446
64.598848,60.519173
64.87208166666667,60.766907
64.955659,61.04386
64.85922366666667,61.31689
64.80136233333333,61.581978
64.84315099999999,61.739788
65.15495866666667,61.773903
65.23853600000001,61.830154
65.402476,61.886616
65.85250766666667,62.025776
66.24789299999999,62.10724
66.623991,62.206295
66.49541066666667,62.542866
66.723641,62.80035
67.38261600000001,63.023903
67.95801366666667,63.161495
68.08337966666667,63.35355
67.84229133333334,63.80067
67.71692533333334,64.162964
67.990159,64.288925
68.04159133333334,64.38794
68.38843733333333,64.44321
68.719493,64.556015
69.27586,64.616455
69.08258599999999,64.803024
68.63805566666666,65.064415
67.79409233333332,65.375435
67.39143799999998,65.37758
66.22212999999999,65.218544
64.73714133333333,64.89199
63.71601033333334,64.56049
63.381002,63.80455
64.208859,62.754
64.51809733333333,62.060738
64.55675199999999,61.51325
63.59360300000001,61.461494
62.65300266666667,61.539944
61.680189999999996,61.39621
60.604298,60.985405
60.06635200000001,60.53612
60.06635200000001,59.88648
60.372369,59.020065
60.704156000000005,58.51894
61.367730333333334,58.257816
62.379197999999995,58.021576
63.116860666666675,58.125767
63.477638666666664,58.528877
63.72245233333334,59.029987
64.47299966666667,59.590637
65.07859166666668,60.05165
65.49413100000001,60.396923
64.282947,61.035686
63.17162133333333,61.54823
61.947552333333334,61.82488
62.01841966666667,61.46992
62.22780000000001,60.95085
61.950774,60.320194
62.85271933333333,60.003452
63.73211599999999,59.901142
65.536007,59.47245
66.09328066666666,59.90613
66.62156333333333,60.563572
67.67490699999999,61.261665
68.42223333333332,62.017887
69.38538233333334,62.653725
70.41295600000001,63.49478
70.84460133333334,64.23665
70.702867,64.93171
69.27908133333332,65.87818
68.531755,66.38454
68.25472866666667,66.468094
68.73791366666667,66.09666
68.91508166666667,65.71066
68.37069333333334,65.473595
67.11441233333333,65.45822
66.09972333333334,65.41114
65.28475100000001,65.05205
64.42790266666668,64.40032
62.91392266666667,63.812912
61.573889333333334,63.15782
61.686632333333336,62.32581
62.71420599999999,61.270184
63.82682033333332,60.247486
64.499327,59.955193
64.29746166666666,60.13223
63.42879500000001,60.377487
62.78294633333334,60.87236
63.15753866666667,61.029545
64.63007366666666,60.615868
65.853957,60.488247
66.838876,60.71661
67.662333,61.190945
67.823795,61.90506
68.04984200000001,62.6686
67.93681866666667,63.380558
68.28234766666665,63.81438
68.711837,64.21869
69.12840933333332,64.42006
69.39643666666667,64.65143
69.47716766666666,65.03613
70.22958133333333,65.28005
70.75271866666667,65.49033
71.19835433333333,65.73857
71.77638866666668,66.21013
72.67411833333334,66.58511
73.47497066666666,66.90598
73.66549599999999,67.47696
73.74945633333334,68.11322
73.83341666666666,68.63634
73.60736966666667,69.01192
73.44267833333332,69.30855
73.371635,69.510605
73.93352333333333,69.46288
74.40176333333334,69.429794
74.70531233333334,69.45323
75.10250933333333,69.66658
75.18969899999999,69.927666
75.68700233333331,70.11166
75.55460333333333,70.46409
75.84523533333333,70.65107
76.09711633333333,70.93691
76.31024633333334,71.067726
76.63317066666667,71.21865
76.665463,71.50463
77.53412933333333,71.628525
77.76340533333332,71.83531
77.86028266666666,72.02357
77.05620133333332,72.49083
76.60410733333333,72.74271
76.03576066666666,72.80965
76.213369,72.62238
76.60087833333333,72.389206
77.29516533333333,72.05076
77.71819633333332,71.98919
78.09601766666667,72.13744
78.36727433333333,72.360535
78.55779966666667,72.65069
78.49967333333332,72.99019
78.83228533333335,73.25012
78.11862233333333,73.47102
77.66652833333335,73.57871
77.23058033333334,73.820724
77.23380966666667,73.50553
77.29193599999999,73.18609
77.20474666666667,73.12597
78.08439266666667,72.86093
78.60209066666667,72.72236
79.159059,72.77161
78.92285,73.113235
79.02962933333333,73.399605
78.94873566666668,73.75845
79.13964433333332,73.86085
79.20759466666667,73.97863
79.010215,74.10765
78.86784233333333,74.163475
78.45366800000001,74.231255
77.31145299999999,74.176994
75.51561933333333,74.07969
74.146903,73.88387
73.506227,73.186134
73.54829166666667,72.10209
73.42533366666666,71.25388
73.79744333333335,70.543335
74.39929033333333,70.03171
74.89759366666668,69.737526
75.47355466666667,69.74765
75.48973333333333,69.98319
75.77124233333333,70.23014
76.02686566666667,70.64456
76.635184,70.83566
76.14011633333332,71.048805
75.272939,71.413345
74.512541,71.75658
74.65167766666667,71.53816
73.75537866666667,71.18185
73.43504066666667,70.917305
70.374034,70.75271
68.90500966666666,70.06981
66.67235166666667,69.76532
67.08976166666666,68.130424
66.77265933333334,66.7316
66.40378533333333,65.64212
66.00578966666667,64.85306
66.01873266666666,64.22354
65.73075200000001,63.721207
65.60132266666668,63.322388
65.12566933333333,63.16394
65.115962,62.88951
65.015654,62.679424
65.35864199999999,62.458397
65.779288,62.305073
66.48144299999998,62.19595
66.98945366666666,62.297657
67.61718633333334,62.518955
67.91810966666667,62.881638
68.16726133333333,63.280678
68.17049733333334,63.748688
68.13166866666667,64.104965
68.13166866666667,64.38636
68.65262200000001,64.58343
69.51979933333334,64.65006
70.50022766666667,64.715965
70.96293800000001,65.055786
71.12148899999998,65.54431
70.85939433333334,66.102745
70.471106,66.57198
70.48728466666667,66.87893
71.18620366666667,66.95411
72.417078,66.8694
73.25307333333333,66.9353
73.99606566666667,67.296646
73.98633733333334,67.90591
73.41237233333334,68.43905
72.32605466666666,69.055756
71.55428266666667,69.37595
70.87330766666668,69.191765
70.28961466666667,68.81225
69.37516233333334,68.42579
68.79471200000002,67.81962
68.12670766666668,67.25624
67.99051266666667,66.6246
67.58517033333334,65.99982
67.42303333333334,65.44481
67.34520766666667,65.12781
67.63056866666668,64.69943
67.877017,64.400566
67.75055,64.34767
68.00672633333333,64.331894
68.10400833333333,64.385056
68.07482366666666,64.386604
67.698666,64.529274
67.02741900000001,64.64566
65.87624666666666,64.598015
65.373622,64.47158
65.33795199999999,64.139885
66.51506633333334,63.410767
66.83285466666666,63.026558
66.39832766666666,62.882187
65.798421,63.125153
64.80938566666667,63.29449
65.76923633333334,63.05164
66.88473833333333,62.909073
68.88226566666667,62.45247
69.37840466666665,62.71004
69.74159166666666,63.406265
69.738349,64.229355
69.22923899999999,64.81357
68.39909766666668,65.39676
67.66623866666667,65.76899
67.79270566666668,65.60048
68.136436,65.30563
68.66500233333333,64.99071
68.81741099999999,64.81407
68.869295,64.85445
69.65079533333333,65.0353
70.90573533333334,65.10298
71.98232466666666,65.20515
72.387667,65.774445
73.26644933333333,66.510124
74.365738,67.13198
75.38071533333333,67.69376
75.432599,68.514725
75.05319833333334,69.34373
74.94618799999999,70.06139
75.24452000000001,70.45412
75.75363,70.52201
75.912524,70.67679
75.231549,70.908104
74.69974,71.09753
74.20035833333333,71.25087
74.33655333333333,70.98144
74.48701633333333,70.70414
73.99417466666668,70.51035
73.05928666666667,70.360405
72.16237533333333,70.3309
72.500342,70.02197
73.06903566666666,69.42618
72.62057966666667,68.95756
71.837407,68.986176
71.47994233333333,69.02635
72.39310233333333,68.60037
72.94879766666666,68.29671
73.51749166666666,68.1829
73.50774266666667,68.390465
73.423251,68.637665
73.03978866666667,68.95447
73.108032,69.13814
73.03328933333334,69.178215
73.16652633333332,69.099785
73.01054166666665,69.163124
73.23801899999998,69.10979
73.61823133333334,69.0849
73.99844366666667,69.07602
74.23567033333333,69.145874
74.10568333333332,69.364105
74.36565766666666,69.58759
74.56713766666667,69.759186
74.502144,69.81067
74.118682,70.032715
73.84895866666668,70.215836
74.20317366666666,70.1355
74.54763966666667,70.032585
74.91810333333333,69.96052
75.08708666666666,70.04463
75.05783933333333,70.19839
75.45105033333333,70.38089
75.70452533333334,70.55481
76.52669433333334,70.61675
76.611186,70.90224
76.72817433333333,71.13571
76.67292966666666,71.55107
77.238374,71.79165
78.099539,71.89003
78.73647633333333,72.068115
78.90220966666666,72.435555
78.707229,72.90815
78.38876033333334,73.33809
78.44075533333333,73.60725
78.82421733333332,73.69171
79.50989966666667,73.65232
79.73412766666665,73.72943
80.18908300000001,73.9309
80.582294,74.25129
81.61894166666667,74.43409
81.87241633333333,74.77643
82.20713333333332,75.17951
81.92766066666665,75.76907
81.83666966666665,76.08748
81.85616766666668,76.391815
82.25912799999999,76.52719
82.85381933333335,76.486176
83.110544,76.59272
83.19503566666667,76.83953
83.24703066666667,77.08986
83.17553799999999,77.2971
83.18881933333333,77.47403
83.42027000000002,77.59737
83.312803,77.61479
83.153231,77.66934
82.86990933333333,77.83657
83.30954633333333,77.74949
84.10740566666666,77.653496
84.92480466666667,77.61805
85.42631633333335,77.76112
85.66078933333334,78.17362
85.996216,78.63878
86.64752966666667,79.00005
87.34117900000001,79.34833
87.663579,79.72769
87.88176900000002,80.184814
87.53982900000001,80.683304
87.10019233333334,80.990715
85.93759733333333,81.26844
85.322106,81.27739
84.989936,81.056854
84.280004,80.50151
82.775469,80.07615
81.11787533333332,79.78542
80.83781033333332,79.08212
81.60961733333333,78.08518
82.47912133333334,77.13626
82.36514133333331,76.65105
82.20231266666666,76.67013
82.29024,76.829735
83.02622466666668,76.70999
83.364908,76.765495
83.60263766666667,76.97583
83.39421733333333,77.253136
83.35513833333333,77.49951
82.873166,77.74528
82.96435,77.74694
81.38491433333334,77.77674
79.30396666666665,77.619934
77.03739466666667,77.57497
76.037628,76.73746
75.75104999999999,75.38448
77.00808533333333,74.1804
77.94923366666667,73.14636
80.320016,72.32588
79.82827433333334,72.642456
79.255118,72.94869
74.826184,73.94576
72.36747433333333,74.23275
69.20208933333333,73.91228
66.81502433333333,72.04562
65.60683733333335,70.47661
64.07299366666668,68.561584
66.35910533333333,65.97228
66.25163866666666,64.745316
66.78245933333334,63.28705
65.48634466666667,63.228146
63.69523166666667,63.35125
64.09904599999999,62.977417
64.92621466666667,62.65382
68.29676333333333,61.846157
69.570082,61.701294
70.823861,62.15426
70.19775299999999,63.567814
69.60528900000001,64.49289
69.48123266666667,65.438484
69.08947633333334,65.98946
70.865438,65.81129
71.43348466666667,66.03965
73.480411,65.99064
74.77647133333333,66.58366
75.488162,67.1871
76.186794,68.16387
75.76892066666667,69.351845
76.59813799999999,69.97364
76.83319166666668,70.765526
76.93766000000001,71.10301
75.30534233333334,71.53562
73.875432,72.038086
73.13109500000002,72.057304
73.78402200000001,71.266914
74.13660266666668,70.6447
74.25412966666669,70.17544
75.22372633333333,69.97872
75.35757633333334,70.00385
74.95276133333334,69.954216
73.59467300000001,70.4933
73.49999866666667,70.72426
74.69485533333334,70.37915
75.98112166666667,69.98696
77.07151,69.976944
78.181486,70.35699
78.62221166666667,70.89997
78.76912,71.60607
78.88991133333333,72.499115
79.45795799999999,73.000656
80.60058033333334,73.3345
80.70831333333334,73.80575
80.74748899999999,74.199486
79.79748033333333,74.861084
80.78013566666668,75.14964
82.22310433333334,75.22114
83.99580133333335,75.02838
84.554054,75.56285
85.21024566666667,76.405975
86.42795466666666,77.18239
87.60322333333333,77.868034
88.37041266666667,78.63934
88.77196266666668,79.58682
88.80134433333333,80.447815
88.73605166666667,81.13098
88.28879666666668,81.723595
88.10271266666668,82.01085
86.38551466666667,82.125374
85.19065800000001,82.06183
84.26023666666667,81.96192
85.04701366666667,80.99601
85.63791266666667,80.18499
86.04599233333333,79.733505
86.46713033333333,79.5799
86.66627333333334,79.646805
87.01558933333335,79.82725
86.30716333333334,80.103546
85.89255466666665,80.3143
84.78910766666667,80.59861
85.08618966666668,80.34341
85.50805466666668,80.11134
86.28885466666668,79.673874
86.74357466666667,79.558334
87.05108300000002,79.7572
87.41093333333335,79.96635
87.69227066666667,80.2456
87.89182399999999,80.60076
87.96052266666668,80.88333
87.86892466666669,81.14438
88.12082000000001,81.407234
89.252713,81.51838
90.430405,81.52939
91.63426833333334,81.76606
92.396497,82.41587
93.430249,83.04354
94.07797966666666,83.81165
94.552328,84.60258
94.15649266666667,85.373505
94.45745833333332,86.024864
94.01255233333332,86.54965
94.76169533333335,86.57466
94.32333233333334,86.89612
94.66028333333333,86.854126
95.31128566666666,87.05522
95.83470433333333,87.05667
96.34503733333332,87.08025
95.80853299999998,87.60729
95.890317,87.873344
95.64496466666665,88.08438
95.26875733333331,88.14514
95.21968700000001,88.20624
95.75291966666666,88.13237
96.10295599999998,87.88141
96.06369966666665,87.8773
95.76600533333333,88.1483
95.95901599999999,88.185295
96.04734266666665,88.18299
96.191283,88.22867
96.07351399999999,88.29427
96.25671066666666,88.31845
96.59366133333333,88.42136
97.05819533333332,88.393265
97.56852866666665,88.471054
97.92510766666668,88.74005
98.61209466666668,88.94911
99.763616,89.25982
99.50844933333333,89.62211
98.10830433333334,90.04738
95.399612,90.81721
94.84020833333332,90.81363
95.40615466666667,90.089355
96.53804799999999,88.9942
97.02548166666665,88.5314
97.614328,88.45966
98.04614833333335,88.53799
98.10503300000002,88.80506
97.78116766666666,89.24628
97.195593,89.560715
96.874999,89.71645
96.06697133333334,89.74659
95.48139666666667,89.49646
95.17715933333334,89.306816
96.02771466666668,88.85645
97.297005,88.33218
98.36019966666666,88.14665
98.91960333333333,88.432304
98.85090466666666,88.92846
99.62294733333333,89.517845
99.81510733333333,90.05724
101.140445,90.23949
101.481261,90.88127
102.83469399999998,91.21981
103.34264100000001,91.81936
103.75555266666667,92.39561
103.52615733333333,93.133255
103.49010966666667,93.68467
103.90957566666665,94.05929
104.05049000000001,94.22646
104.14552500000002,94.33915
103.53271133333335,94.656204
103.95217699999999,94.73207
104.13569366666665,94.750565
104.07015233333334,94.599594
103.830926,94.79239
102.352964,94.92086
101.49764666666665,94.727806
100.203201,94.74936
101.37639466666666,94.00948
103.01821066666668,93.30204
105.11554033333333,92.759125
106.78684999999999,92.96552
108.59251966666666,93.66819
109.90662766666667,94.63705
109.86074833333333,95.81335
108.835023,97.18713
107.83223733333332,98.288994
107.82240633333333,98.63819
108.104235,98.54353
108.241872,98.33015
106.85894499999999,98.25129
106.33788966666667,98.24152
106.67542866666668,98.182106
108.72687933333334,97.407166
110.69312599999999,97.122475
111.826995,97.42654
112.44308566666668,98.077415
113.17059666666667,99.14267
113.50158133333333,100.01798
113.65888100000001,100.59966
112.57089133333334,101.47908
112.50207266666666,101.93385
112.44636233333334,102.02804
113.5704,101.803764
113.980035,101.824814
115.42522633333333,101.757835
115.90695666666666,102.17227
116.018377,102.503494
115.55303199999999,103.193565
115.14667433333332,103.75077
115.87746266666667,103.83154
116.50338433333334,103.88345
116.68034666666667,103.870674
116.15601433333335,104.15869
115.500599,104.51553
115.34657633333335,104.53233
115.497322,104.385284
115.47438233333334,104.206894
115.500599,104.06056
115.716886,104.05214
116.24252933333332,103.97046
117.03413566666666,103.92317
118.54190266666666,104.09739
121.01029466666667,104.35429
123.45570966666666,104.7587
125.18227100000001,105.7137
125.44814833333334,107.19177
125.42188866666667,108.6298
124.72601233333334,109.92515
124.476547,110.64695
124.59799733333332,111.0408
125.28074400000001,111.057396
125.54005666666667,110.993515
125.205248,111.11996
124.34196733333333,111.399025
123.330977,111.450714
120.85930266666668,111.31745
119.57258766666668,111.00754
118.341674,110.435074
119.00800833333334,108.98341
119.54304533333334,108.15905
120.19296766666666,107.40776
121.25647699999999,106.996826
121.25319466666666,107.21578
121.66678166666667,107.36683
121.39433966666667,107.84142
122.01800233333333,108.12015
123.183267,108.33386
124.73914166666667,108.440834
125.68120099999999,108.82648
126.718451,109.53465
126.61997800000002,110.3479
126.265475,110.99376
124.09250233333334,111.84658
122.36594066666666,112.08301
121.75869000000002,111.96341
121.29914866666667,111.13922
121.18426366666665,110.12443
121.00701200000002,109.762
121.51250733333335,109.10685
120.60327233333334,108.55363
117.48824033333334,108.60079
115.02641299999999,108.6396
113.96946866666667,107.88861
115.56145033333333,106.323074
116.82518833333336,105.108986
118.71258900000002,104.234
119.23777866666667,104.358604
120.56716533333334,104.759285
120.95121033333332,105.50898
121.30571333333334,106.109856
120.82976033333331,107.023994
120.72800500000001,107.60191
121.08579066666667,107.869156
120.88556200000001,107.98824
120.27831133333333,108.046036
119.71701466666667,108.23653
120.91838633333333,108.11311
122.42174200000001,107.732506
123.38677833333333,107.565346
123.87914366666666,108.17596
124.6242566666667,108.8063
126.381673,109.206085
127.72601200000001,109.8778
128.33097,110.54883
128.557796,111.526505
128.843794,112.53457
129.47824966666667,112.99307
130.22776199999998,113.449974
130.247486,114.0003
130.90823999999998,114.318886
131.43750100000003,114.81781
131.940463,115.04229
131.67090166666668,115.39212
131.42435166666667,115.9178
131.76294733333333,116.160484
133.15020266666667,116.08744
134.30405699999997,116.19751
134.94508733333333,116.44341
134.32706833333333,117.065636
133.27840866666665,117.75072
132.34480566666667,118.13421
131.81554466666665,118.038956
130.74716066666667,117.7215
130.65840233333336,117.31805
130.398703,116.89973
131.3849036666667,116.152275
130.89180366666668,115.96706
130.569645,115.776344
128.840507,115.93081
128.23235,115.75963
128.143592,115.48004
128.62683,114.717766
128.2093386666667,114.274994
127.90032900000003,114.212906
128.57094533333336,114.07725
129.737949,113.71699
130.76688466666667,113.66201
131.12191666666666,114.04873
131.44736266666666,114.48926
132.82804333333334,115.0413
134.4388373333333,115.46621
135.7241853333333,115.76604
135.405314,116.74503
134.82674333333333,117.75103
135.05685666666665,118.35871
135.41188866666667,118.60029
136.19427433333334,118.64175
136.92735,118.8943
138.705798,119.078445
140.27714366666666,119.40978
141.6775483333333,119.94619
142.19037266666666,120.94402
142.21009666666666,121.89777
143.04179233333332,122.77503
143.16999833333333,123.451195
144.097027,123.711006
144.00169433333335,124.414215
144.73477,124.67073
144.82024066666668,125.02843
145.03391733333333,125.34348
145.26074333333335,125.6827
145.964233,125.835434
146.13846166666667,126.01921
146.092439,126.27685
146.15950033333334,126.648224
146.60796133333332,126.76546
147.23086966666665,126.79754
147.23416133333336,127.01726
147.57978133333336,127.24988
147.5863646666667,127.52606
147.73119599999998,127.619774
147.27036933333332,127.870575
147.08932999999996,127.989624
146.977415,128.00839
146.631795,127.87702
146.74371033333335,127.80081
146.75029366666666,127.74481
147.64561433333333,127.46014
148.63639166666667,127.51642
149.06430199999997,127.56409
148.9490953333333,127.85884
148.66930766666667,128.50946
149.46587966666667,128.69902
150.545531,128.69232
151.07548200000002,128.90628
151.467185,129.33018
151.80951333333334,129.80164
152.45796233333334,130.13724
153.06362033333332,130.50478
153.81081799999998,130.85365
154.29797799999997,131.25102
154.56789099999997,131.67851
155.09784199999999,132.15485
155.989871,132.51273
157.81672000000003,132.75244
158.725207,133.20117
159.97273066666668,133.7729
161.81603766666666,134.75337
164.1925873333333,135.35335
166.49013833333333,136.11678
167.44470833333332,137.56175
169.14647566666665,138.85522
170.328167,140.139
171.39465166666668,141.17337
172.52367733333332,142.37608
173.14250199999998,143.3284
173.68232766666668,144.01175
174.1069466666667,144.98343
175.361054,145.4977
176.10825200000002,145.78181
176.341957,146.4019
175.66717466666668,147.1393
175.50588500000003,147.4199
173.31695800000003,147.72197
171.73368900000003,147.65218
170.60137200000003,147.52412
170.99636633333336,146.4533
171.49669266666672,145.54645
170.6902456666667,145.13367
170.0845876666667,144.84248
169.59084466666667,144.80148
170.06154633333335,144.35353
170.37754166666667,143.97314
168.38281966666668,143.8835
164.14650466666666,143.93996
160.064896,143.95567
157.15181233333337,142.84843
155.864789,140.6132
153.41384866666667,138.71622
151.996758,136.89032
151.290917,135.28773
152.26647699999998,133.52435
152.08191166666666,132.32379
150.88553233333334,131.67755
148.45651966666668,131.66019
147.714962,131.28798
148.56198533333333,130.50316
150.315357,129.43144
151.818247,128.97859
152.81687766666667,129.21011
154.24066800000003,129.68471
154.95256333333333,130.39613
155.727079,131.14476
155.97426466666667,132.08289
156.386241,132.70032
155.49307633333336,133.27835
154.642757,133.74803
154.41205033333333,134.03409
155.00529633333332,133.65616
155.694121,133.31761
155.92812333333333,133.37128
156.12257599999998,133.41719
155.64797933333335,133.6109
156.5510316666667,133.85498
157.262927,133.94893
158.2088246666667,133.75883
157.50022533333333,134.39201
157.852877,134.81798
157.35850533333334,135.0127
158.21541633333337,135.00966
158.43294,135.34402
159.87650533333334,135.0788
160.8355863333333,135.43416
161.244267,135.83748
158.81195833333334,136.27872
155.07780433333335,137.00978
151.54799066666666,137.33298
151.09976033333334,136.00905
150.41752733333334,134.32892
149.145344,132.77922
148.344462,131.8938
147.82701966666664,130.92024
148.901454,129.71301
149.827577,129.28372
152.128053,128.83011
153.162938,128.91945
153.97370733333332,129.5465
153.96711566666667,130.6125
153.067359,131.20317
152.424676,131.8564
150.61527566666666,132.34329
150.46366833333335,131.84329
149.18159766666665,131.69385
150.223074,130.97472
151.98962899999998,130.4358
154.42193766666668,129.87352
155.99733566666666,130.11612
156.78833033333336,131.00514
157.72763666666665,132.02559
158.43294,133.01141
158.587843,133.81958
157.28270166666667,134.64142
154.155933,135.2852
150.57978833333337,135.48398
148.15081600000002,134.97505
146.15747466666667,133.44368
145.02219399999998,131.58203
144.2037356666667,130.18721
145.64263766666664,128.50691
145.645938,127.21419
144.99909233333332,126.6113
142.0156806666667,126.87474
140.4513696666667,126.495224
138.73524766666668,126.01124
137.75837833333335,124.82606
136.99602433333334,123.76282
135.37560933333333,122.793755
134.05551566666668,121.72972
132.06547433333333,121.02564
132.88723266666668,119.92417
134.80466866666666,118.82343
137.755078,117.72768
140.12464633333335,117.82682
140.939804,118.61526
140.96950600000002,119.73059
139.69231533333334,121.27048
139.36889266666668,122.07754
140.46457066666667,122.39421
140.89030066666666,122.35004
139.69891599999997,122.28786
136.65279966666668,122.89361
134.755165,122.97905
134.078617,122.11809
132.44170066666666,120.868416
131.1678103333333,119.937065
129.629901,119.16098
128.22730166666668,117.715225
126.94021033333334,116.80791
128.00948633333334,115.946175
129.44838833333336,114.49489
130.695877,113.664116
130.50776366666668,114.21053
132.75522333333333,114.35505
133.40206899999998,114.70408
132.471403,115.23985
129.88071899999997,116.442314
129.67280433333335,116.89886
130.98959766666667,116.422554
131.31632100000002,115.621994
129.441788,115.63178
128.10519333333332,116.02331
129.65300299999998,115.694984
132.70241933333332,114.777374
135.61982633333332,114.42122
136.6561,115.149956
137.47125799999998,116.32763
135.84094233333335,117.78648
135.27000166666664,118.779236
134.08851766666666,119.632126
134.49774666666667,119.272545
135.161094,119.12031
135.07858833333336,118.877014
134.058816,118.615616
132.59021166666665,118.97095
132.44500133333335,118.83913
132.82043099999999,118.06509
132.47282666666666,117.62225
132.84302866666667,117.541916
133.375194,117.29213
132.89591466666667,116.96979
129.412049,117.3078
127.23711233333334,117.52241
125.64392166666667,117.003555
125.13158866666666,115.345985
124.54984266666666,114.32969
125.51831733333334,113.33336
125.99759666666668,112.122765
124.275496,111.65964
121.657639,112.02091
119.22818833333332,111.76718
118.02503200000001,110.71828
117.89612233333334,109.7329
118.33573733333334,108.3207
118.96045300000002,107.085754
119.40337333333335,106.810165
121.72705199999999,106.52138
122.579839,106.38505
122.14352933333335,106.85485
117.78373933333333,108.10629
115.96247766666666,108.499016
113.61896666666664,108.4
114.61719,106.69191
115.52286266666667,105.61292
117.60855466666666,104.40737
119.90579033333334,103.87131
120.37184833333333,104.24087
121.065977,104.95403
121.74357899999998,106.13902
123.45906866666667,106.75321
124.12344900000001,107.385544
122.55339599999999,108.35987
121.84935099999998,109.33299
123.87885133333334,109.785286
126.25211066666667,109.240875
126.00090233333333,109.20355
125.52162299999999,110.521576
125.82902266666666,111.31688
127.329663,110.99924
127.26355533333333,111.58334
126.71816866666668,112.1003
125.56459266666666,112.34066
122.81121533333334,112.689926
119.32073900000002,112.58525
116.63346899999999,111.887405
115.278265,110.534836
114.84195533333333,108.53528
113.75118133333335,106.77707
112.89508933333335,105.55971
112.51166600000002,104.50581
114.458532,103.34956
116.90781500000001,102.667885
119.14555399999999,102.260925
118.63652633333334,102.93323
117.516004,104.24299
116.92103633333335,105.30381
117.70110466666665,105.408485
118.65053366666666,105.3885
119.517689,105.47132
120.82230099999998,105.67245
121.46798433333333,106.1063
122.11035700000001,106.61479
120.81567866666667,107.39429
119.53755633333333,107.9421
117.140249,108.42327
117.00448999999999,108.03938
115.83232600000001,107.40972
116.88528699999999,106.323494
117.22634033333334,105.91849
121.22626733333334,105.079765
123.20636366666665,105.08666
124.66329066666665,105.45243
123.99442866666666,107.22283
124.87851833333332,108.54043
127.14668900000002,109.32133
130.103589,109.93043
131.99759433333335,110.800285
132.05388466666665,112.14561
132.20619966666666,113.84527
132.31878033333334,115.09522
133.09028933333335,115.533844
132.41480500000003,116.26108
130.79562933333335,116.7062
130.45457600000003,116.94431
130.26583766666667,116.856255
131.812167,116.022224
132.24924533333333,115.89134
132.52076366666665,115.824554
135.4147506666667,116.11362
137.4246476666667,116.48814
139.03057866666666,116.58993
136.26572833333333,118.38682
133.83862033333332,119.70104
132.53069700000003,120.182976
133.216115,119.643845
132.298913,118.71741
130.45788700000003,118.08357
127.898331,118.09576
127.361917,117.12606
127.63343533333334,115.855156
127.54403300000001,114.8244
127.89170900000002,114.09934
128.71950833333335,113.7635
131.09694833333333,113.44675
133.855176,113.46584
136.64982700000002,113.96371
136.10347933333333,115.17424
134.65317466666667,116.73747
132.43136099999998,118.43442
131.222774,118.562874
130.385041,118.230515
128.72281966666668,117.79714
127.59370100000001,116.814545
125.49771266666666,116.08801
123.95469433333334,115.104
122.57392499999997,113.9995
121.653412,112.74479
121.73288066666666,111.59051
121.87526199999998,110.52503
121.85539466666667,109.61045
122.80570866666667,109.35396
125.74882,109.153046
129.493918,108.814804
131.417604,109.47046
130.10087399999998,111.15798
127.88200166666668,112.953415
125.71287966666668,114.27842
125.13245733333333,114.27454
125.779214,113.6465
125.79911433333334,112.91062
127.414347,112.311455
128.87369499999997,112.29729
129.954939,112.02387
128.42262366666665,112.68565
127.61998233333334,113.74531
128.72776033333332,114.05049
131.56685566666664,113.54555
134.15719833333335,113.67158
135.54689566666667,114.34373
136.96312666666665,115.41312
137.18202866666667,116.93071
138.64137666666664,117.969185
137.48053166666665,119.0702
136.19033533333334,119.81814
134.59500266666666,120.76875
135.51041166666667,120.45748
136.93327599999998,119.77152
137.23841233333332,119.42795
139.9813233333333,119.6008
143.15208866666666,120.000885
146.26315333333332,120.05004
146.82699233333332,121.75292
146.43230499999999,123.78593
145.78886500000002,125.06798
145.18854233333332,126.16702
144.53183566666667,126.74218
148.651177,126.53271
151.689274,126.5014
155.60961333333336,126.29145
154.09719833333332,128.28868
152.63453366666664,129.98091
151.97782733333332,131.54926
153.24480666666665,131.80475
154.813606,131.43803
154.0573983333333,131.73296
152.47533233333334,132.27931
151.83189233333334,132.66907
153.019271,132.37791
153.54994299999998,131.75247
154.080615,131.64702
154.53831933333333,132.14537
155.15522566666667,132.0456
153.67266066666667,132.30241
150.89989966666667,132.98535
148.29297333333332,133.06613
147.32118033333333,132.2737
147.5831996666667,131.183
148.26644000000002,129.83264
148.697611,128.93866
148.518509,128.77408
148.21337266666666,128.63698
148.83027900000002,128.60974
148.938072,128.6835
149.65964866666667,128.4981
149.92765033333333,128.86511
150.74478499999998,129.02304
149.95754533333334,129.18266
148.56243666666668,129.59761
149.598803,130.04465
153.08657399999998,129.563
156.08273566666668,128.95995
156.64410066666667,129.90344
155.72399333333334,131.4951
154.920145,132.55208
153.574862,133.32431
153.74758966666664,133.52649
155.4051113333333,133.28691
156.341827,132.76549
156.28867999999997,132.86806
155.34864266666665,133.65004
155.34864266666665,133.76508
154.01332466666668,133.75192
152.63482466666667,133.78424
152.555104,133.70811
153.80405833333333,132.89116
154.62451500000003,132.18213
153.55825366666667,132.28235
153.22940666666668,132.54556
153.18622466666667,132.63234
153.23272833333334,132.23976
152.58167766666668,132.25963
152.641468,132.33142
152.86069933333334,132.02863
152.5949643333333,131.7566
150.49565833333332,131.9279
148.90789199999998,131.8613
146.140927,131.53835
144.08148133333333,130.588
142.400708,129.72942
141.66329366666665,128.1836
141.69651066666668,126.633
141.28794299999998,125.66325
140.06224066666667,124.69907
139.89283466666666,124.188545
140.54388533333332,123.8832
142.44389,122.888565
141.998784,122.772644
140.992313,123.292305
139.56398766666666,123.728836
138.03269,123.513
136.63426,123.30431
136.45821066666664,122.760025
135.89684566666665,121.67028
135.94002766666665,120.89627
134.20610733333334,120.69187
134.37551333333334,119.86265
134.43862533333333,119.639824
134.62131799999997,118.92313
133.48862266666666,118.54197
131.81117066666667,118.783165
131.59193933333336,118.51251
132.09019233333333,117.7216
132.71799133333332,117.138885
133.189671,116.941376
135.08635433333336,116.81284
136.49308866666667,116.97193
137.80368366666667,117.288704
137.795504,118.293915
137.85206466666668,119.17388
137.78884966666666,119.89457
137.93191533333334,120.366936
138.04171,120.63887
139.126347,120.78156
139.35259033333332,120.94243
139.96145099999998,121.02941
139.20287066666666,121.62445
139.11303866666665,121.79628
137.56260633333332,122.03086
137.39625066666667,121.98425
137.246531,121.87043
135.52974333333336,121.121925
133.73975933333332,120.96382
131.99968166666667,120.95983
133.68319833333334,119.49393
134.6680223333333,118.56746
135.090565,117.98052
134.870976,118.04407
134.13901233333334,118.38747
133.73310533333333,118.4446
132.961216,118.47861
130.78861433333333,118.32042
129.04520966666666,118.04824
127.451525,117.65116
127.49810466666665,116.354774
127.474815,115.28993
127.01900133333334,114.43926
127.11216033333335,113.827484
127.49477766666669,113.52988
128.35317133333334,113.075
128.79234966666664,112.98385
128.62599433333332,113.260086
126.00423333333335,113.52223
122.81020966666668,113.77118
120.075327,113.86706
118.99068999999999,112.468185
117.71973466666665,110.75344
116.33565766666666,109.498024
116.49868566666667,108.14562
117.39035066666668,106.722435
117.78294933333333,105.73388
117.240631,105.46369
116.02290933333335,105.48734
115.47393666666666,105.43933
116.12272266666668,105.23941
117.72306166666667,104.68594
118.92414766666667,104.371475
119.81913966666667,104.69936
120.36145833333335,105.30162
119.94889699999999,105.83026
118.98403566666668,106.56615
118.168894,107.159584
118.58810933333334,107.02226
118.60141766666666,106.756065
118.05577199999999,106.56042
117.04100433333332,106.55913
116.93453699999999,106.412926
118.07739866666667,106.02417
119.13317633333332,105.53825
119.69000000000001,105.45061
119.08333333333334,105.94091
118.31,106.3022
117.93,106.59382
117.94666666666667,106.593506
118.94666666666667,106.24722
119.27666666666667,106.14079
119.7,106.13167
119.11666666666666,106.44007
119.18666666666667,106.636734
120.29666666666667,106.843864
122.39666666666668,106.72222
