Actual,Predicted,Error
18.024734,18.756165,-0.7314305507812513
18.128324,18.751932,-0.6236081441650398
18.297836,18.763279,-0.4654429611816404
18.297836,18.771666,-0.473829573120117
18.297836,18.786695,-0.4888594803466795
18.222497,18.812164,-0.5896673066406244
18.165993,18.838816,-0.6728226890869138
18.31667,18.851208,-0.5345377331542984
18.222497,18.846071,-0.6235742432861322
18.090655,18.839787,-0.7491315295410139
18.043568,18.828218,-0.7846504600830073
18.147159,18.819277,-0.6721178096923843
18.118907,18.81546,-0.6965532050781249
17.996482,18.792786,-0.7963036445312497
18.043568,18.776257,-0.7326885612792964
18.059578,18.773003,-0.7134246245117204
18.335505,18.774584,-0.43907881652831904
18.410844,18.773094,-0.3622501772460929
18.467347,18.785648,-0.31830134594726545
18.561521,18.823318,-0.26179748144531345
18.712198,18.866976,-0.15477778430175704
19.117142,18.92184,0.19530133227539181
19.352575,18.967628,0.3849465209960954
20.096542,19.030796,1.0657459489746088
20.4544,19.132757,1.3216428131103513
20.435565,19.272573,1.1629915289306645
20.10596,19.431206,0.6747542504882809
20.143629,19.55536,0.5882682059326179
19.531504,19.656246,-0.12474218530273262
19.503252,19.647947,-0.14469531140136738
19.314905,19.574203,-0.25929849121093795
19.220732,19.478218,-0.25748607861327955
19.041803,19.400509,-0.3587058806152328
18.768701,19.299065,-0.5303636362304687
18.429678,19.24718,-0.817502938720704
18.363757,19.17127,-0.8075133704833988
18.118907,19.093964,-0.9750566230468749
17.770466,19.00306,-1.2325933872070323
17.469112,18.903927,-1.4348148493652353
17.685711,18.805319,-1.1196078323974596
18.024734,18.73043,-0.705696603027345
17.939978,18.665937,-0.7259594237060547
17.892891,18.633408,-0.7405165927734387
17.798718,18.644426,-0.8457083458251944
17.666876,18.690002,-1.0231264414062515
17.666876,18.704805,-1.0379293741455093
17.356105,18.673962,-1.3178566394042974
17.205428,18.637281,-1.4318534178466784
17.261932,18.588661,-1.3267291938476546
17.459695,18.53955,-1.07985578125
17.72338,18.50492,-0.7815390521240246
17.963521,18.481022,-0.5175008811035156
17.817553,18.511595,-0.694041772338867
17.944098,18.571098,-0.6270003276367184
17.972778,18.635897,-0.6631186827392561
17.800698,18.686329,-0.8856308879394525
17.791138,18.705263,-0.9141251378173827
17.953658,18.693216,-0.7395583238525383
17.944098,18.700207,-0.7561087565917965
17.810258,18.694853,-0.8845948289794912
17.714658,18.683651,-0.9689929704589844
17.752898,18.686817,-0.9339191691894548
17.905858,18.68764,-0.7817812364501968
17.924978,18.67202,-0.7470419584960943
17.915418,18.66085,-0.7454325249023448
17.934538,18.668242,-0.7337035008544923
18.116178,18.689932,-0.5737538695068345
18.326498,18.715452,-0.38895419421386634
18.068378,18.736797,-0.6684193327636727
17.991898,18.758234,-0.7663360240478525
17.838938,18.778484,-0.939546344482423
17.657298,18.788166,-1.1308680461425773
17.599938,18.76274,-1.162801181518553
17.294019,18.69919,-1.4051711397705091
17.322699,18.645376,-1.3226772054443359
17.227099,18.58636,-1.3592619313964853
17.207979,18.532507,-1.3245279427490217
17.131499,18.490732,-1.3592331929931625
16.968979,18.44777,-1.4787901650390616
16.67262,18.429447,-1.7568271740722672
16.45274,18.390493,-1.9377533929443373
16.54834,18.341105,-1.7927645074462895
16.816019,18.280518,-1.4644985781249993
16.835139,18.2288,-1.3936608199462874
16.777779,18.199497,-1.4217182229003917
16.816019,18.206995,-1.3909760103759758
16.787339,18.243681,-1.4563419539794928
16.7491,18.271547,-1.5224473175048843
16.61526,18.26809,-1.6528292944335945
16.6057,18.256466,-1.6507659118652356
16.56746,18.245935,-1.678475440063476
16.49098,18.225761,-1.7347814135742183
16.6057,18.202465,-1.596765057373048
16.6057,18.182638,-1.5769381683349621
17.733778,18.178371,-0.44459342944335845
17.924978,18.213045,-0.2880671202392584
17.351379,18.292582,-0.9412025582275376
17.685978,18.394588,-0.7086104704589857
17.714658,18.500744,-0.7860858659667969
17.743338,18.618275,-0.8749366887207017
17.915418,18.612501,-0.6970831444091807
18.163978,18.59281,-0.42883167712402326
18.039698,18.65469,-0.614991788818358
18.116178,18.68736,-0.5711827635498032
18.240458,18.724531,-0.4840731737060544
18.154418,18.767626,-0.6132078087158206
18.087498,18.794386,-0.7068879100341796
18.393418,18.79145,-0.39803250048828076
18.498577,18.81134,-0.31276333203124906
18.489017,18.833553,-0.3445363142089839
18.441217,18.850029,-0.408811991699217
18.393418,18.881138,-0.48771984790039014
18.450777,18.921022,-0.47024541516113416
18.450777,18.926584,-0.4758072437744154
18.345618,18.920023,-0.5744049644775373
18.125738,18.911173,-0.7854348668212907
18.345618,18.897675,-0.5520565605468732
18.3498,18.888296,-0.5384961273193376
18.097502,18.872335,-0.7748334339599623
18.204244,18.848764,-0.6445204195556649
18.213948,18.834648,-0.6207001323242203
18.204244,18.844925,-0.6406809267578133
18.11691,18.828903,-0.7119931982421868
18.078095,18.808878,-0.7307829449462879
18.126614,18.814188,-0.6875740035400391
17.864612,18.805817,-0.941204650390624
17.612315,18.786667,-1.1743518701171887
17.39398,18.752048,-1.3580684924316415
16.758384,18.7067,-1.9483153713378911
17.165942,18.628487,-1.46254463330078
17.757871,18.528069,-0.7701975424804672
18.301281,18.46818,-0.1668987027587896
18.796173,18.469374,0.3267992969970699
18.650616,18.542097,0.10851890832519473
18.524468,18.72163,-0.19716209643554805
18.572986,18.873648,-0.3006616898193357
18.534171,18.966997,-0.4328261466064447
18.50506,18.998531,-0.4934713415527341
18.776765,18.969765,-0.1929997094726552
18.864099,18.964394,-0.10029461572265674
19.038767,18.98357,0.05519690112304687
19.019359,19.011421,0.007937796386720208
19.213434,19.05458,0.15885331152343696
19.329879,19.11505,0.21482963781738107
19.358991,19.157806,0.20118460351562462
19.475436,19.201132,0.2743041793212875
19.475436,19.235243,0.24019315637206873
19.397806,19.279516,0.11828977990722578
19.397806,19.303474,0.09433157373046797
19.388102,19.313992,0.07411045336914057
19.456028,19.32007,0.13595773327636707
19.310472,19.3136,-0.003128540161132065
19.164915,19.303383,-0.13846787353515566
19.145508,19.294128,-0.14862041796875047
19.252249,19.2773,-0.025050880981446255
19.184323,19.259298,-0.07497532458496181
18.932025,19.230377,-0.29835219726562556
19.194027,19.208387,-0.014360374877931292
19.242546,19.203964,0.038581766601563316
19.20373,19.205202,-0.0014721026611326238
18.951433,19.196012,-0.24457949694824066
18.922322,19.18805,-0.2657273164062488
18.165429,19.202303,-1.0368739327392582
18.572986,19.154295,-0.581308967651367
18.728247,19.086218,-0.3579708802490238
18.563283,19.019402,-0.4561185502929703
18.572986,18.977528,-0.4045416184082029
18.679728,18.937777,-0.25804856555175704
18.563283,18.989645,-0.4263620042724625
18.378911,18.993816,-0.6149053757324232
18.621505,18.971926,-0.3504207354736337
18.670024,18.97026,-0.300236620117186
18.631209,18.971188,-0.339978591552736
18.500208,18.961935,-0.4617270433349603
17.922835,18.963696,-1.0408605261230477
17.694797,18.96505,-1.2702527436523425
17.136831,18.910624,-1.7737925504150382
17.92708,18.809214,-0.8821336383056639
17.759537,18.706013,-0.9464757258300764
18.902771,18.613949,0.28882217797851695
18.873204,18.6271,0.24610400915527464
18.685951,18.702908,-0.016956562255860064
18.823927,18.865564,-0.041637346313475376
18.823927,18.955229,-0.131301805541991
18.597252,19.073689,-0.4764365070800771
18.745083,19.055353,-0.3102701646728505
18.961903,19.038979,-0.07707557666015674
18.853493,19.051422,-0.19792911914062472
18.843638,19.051039,-0.20740074206543113
18.823927,19.052546,-0.22861854748535038
18.971759,19.081049,-0.10928996545410286
18.942193,19.097145,-0.15495208056640664
18.873204,19.090574,-0.21737026452636599
18.952048,19.09619,-0.14414149890136585
18.952048,19.104996,-0.15294772753906116
18.902771,19.117653,-0.21488189306640493
18.922482,19.112387,-0.18990470349121225
18.77465,19.110292,-0.33564243469238164
18.952048,19.111202,-0.15915423999023304
18.843638,19.10428,-0.26064247180175926
18.956976,19.095476,-0.13850015051269438
18.88306,19.094753,-0.21169326538085897
18.804216,19.091742,-0.2875255618896482
18.863349,19.10313,-0.2397813405761724
18.873204,19.093096,-0.2198917794189441
18.961903,19.095425,-0.13352165209960987
18.863349,19.087631,-0.22428222558593802
18.804216,19.0881,-0.2838844333496091
18.942193,19.095331,-0.15313819201660195
18.902771,19.097872,-0.1951007803955065
18.892915,19.099966,-0.20705104919433737
18.823927,19.091906,-0.2679785938720691
18.902771,19.093178,-0.19040679541015493
18.823927,19.102066,-0.2781390400390613
19.464532,19.09291,0.3716212333984359
19.543376,19.107971,0.4354048085937485
19.651786,19.14514,0.5066463057861341
19.908028,19.210955,0.6970733338623063
19.819328,19.291462,0.5278660554199206
19.996727,19.395622,0.6011047465820312
20.055859,19.43886,0.6169990604248063
19.809473,19.483639,0.3258342365722662
20.114992,19.514782,0.600210048095704
20.07557,19.522919,0.552651298828124
19.957305,19.5459,0.4114046551513688
20.134703,19.5473,0.587402661254881
20.085426,19.546114,0.5393120321044904
20.07557,19.576145,0.4994248278808584
19.888317,19.571413,0.3169039598388679
19.770051,19.565277,0.2047739003906237
19.888317,19.563494,0.3248232713623054
19.809473,19.536634,0.27283855480957087
19.863678,19.510342,0.3533363557128908
19.898172,19.48376,0.4144111662597645
19.489171,19.480349,0.0088224129638661
19.53352,19.478859,0.05466105224609308
19.494098,19.453806,0.040292076538086974
19.351194,19.428993,-0.07779922509765669
19.351194,19.386614,-0.03541984582519575
19.198435,19.331987,-0.1335523809814454
19.484243,19.31517,0.1690727119140618
19.39,19.295502,0.09449829101562557
19.65,19.280949,0.36905136108398295
19.63,19.292852,0.33714759826660057
19.35,19.313099,0.036901092529298296
19.7,19.348022,0.3519775390624993
19.62,19.356525,0.26347457885742287
19.5,19.379124,0.12087631225585938
19.46,19.369242,0.09075828552246179
19.16,19.357908,-0.19790824890136705
18.97,19.366167,-0.39616706848144645
18.59,19.315302,-0.7253018951416017
19.06,19.246044,-0.18604415893554815
19.11,19.184786,-0.07478584289550838
18.95,19.129221,-0.17922096252441477
18.51,19.107212,-0.5972120666503891
18.68,19.09254,-0.41254074096679716
18.86,19.114502,-0.25450195312500057
19.04,19.081734,-0.0417337036132821
19.19,19.050251,0.13974899291992315
19.28,19.050516,0.22948387145996207
19.02,19.116941,-0.09694145202636761
18.95,19.166357,-0.21635704040527415
19.06,19.191357,-0.13135665893554815
19.07,19.194103,-0.12410324096679659
19.01,19.178389,-0.16838859558105312
